title,company,location,url
JLR Hooldusnõunik,N/A,N/A,https://www.cv.ee/vacancy/1647208/inchcape-motors-estonia-ou/jlr-hooldusnounik
Psühholoog,N/A,N/A,https://www.cv.ee/vacancy/1646398/vanglad/psuhholoog
Corporate Sales Manager,N/A,N/A,https://www.cv.ee/vacancy/1655285/meriton-hotels-ou/corporate-sales-manager
Electronics Design Engineer,N/A,N/A,https://www.cv.ee/vacancy/1655275/abb-as/electronics-design-engineer
Tarkvaratestija,N/A,N/A,https://www.cv.ee/vacancy/1655262/srini-ou/tarkvaratestija
Reliability Specialist,N/A,N/A,https://www.cv.ee/vacancy/1655257/abb-as/reliability-specialist
Kaupluse töötaja Haabersti Maximas,N/A,N/A,https://www.cv.ee/vacancy/1655255/maxima-eesti-ou/kaupluse-tootaja-haabersti-maximas
Vahetuse vanem Kopli Maximas,N/A,N/A,https://www.cv.ee/vacancy/1655228/maxima-eesti-ou/vahetuse-vanem-kopli-maximas
Монтажник,N/A,N/A,https://www.cv.ee/vacancy/1655227/manpower/montazhnik
Senior Sales Representative,N/A,N/A,https://www.cv.ee/vacancy/1655223/boehringer-ingelheim/senior-sales-representative
Ärianalüütik,N/A,N/A,https://www.cv.ee/vacancy/1651243/tatoli-as/arianaluutik
Montöör,N/A,N/A,https://www.cv.ee/vacancy/1655221/manpower/montoor
Eesti keele õpiabide koordinaator ja õpiabi õpetaja,N/A,N/A,https://www.cv.ee/vacancy/1655217/tallinna-kunstigumnaasium/eesti-keele-opiabide-koordinaator-ja-opiabi-opetaja
Pangatarkvara kasutajatoe spetsialist,N/A,N/A,https://www.cv.ee/vacancy/1655213/bigbank-as/pangatarkvara-kasutajatoe-spetsialist
Senior Accountant / Vanemraamatupidaja,N/A,N/A,https://www.cv.ee/vacancy/1655172/metreon-limited-ou/senior-accountant-vanemraamatupidaja
Intsidendihaldur,N/A,N/A,https://www.cv.ee/vacancy/1655192/kaitseressursside-amet/intsidendihaldur
Database Administrator,N/A,N/A,https://www.cv.ee/vacancy/1647339/playtech-estonia-ou/database-administrator
Database Administrator,N/A,N/A,https://www.cv.ee/vacancy/1647338/playtech-estonia-ou/database-administrator
Senior Database Administrator,N/A,N/A,https://www.cv.ee/vacancy/1647337/playtech-estonia-ou/senior-database-administrator
Senior Database Administrator,N/A,N/A,https://www.cv.ee/vacancy/1647336/playtech-estonia-ou/senior-database-administrator
JLR Hooldusnõunik,N/A,N/A,https://www.cv.ee/vacancy/1647208/inchcape-motors-estonia-ou/jlr-hooldusnounik
Psühholoog,N/A,N/A,https://www.cv.ee/vacancy/1646398/vanglad/psuhholoog
Corporate Sales Manager,N/A,N/A,https://www.cv.ee/vacancy/1655285/meriton-hotels-ou/corporate-sales-manager
Electronics Design Engineer,N/A,N/A,https://www.cv.ee/vacancy/1655275/abb-as/electronics-design-engineer
Tarkvaratestija,N/A,N/A,https://www.cv.ee/vacancy/1655262/srini-ou/tarkvaratestija
Reliability Specialist,N/A,N/A,https://www.cv.ee/vacancy/1655257/abb-as/reliability-specialist
Kaupluse töötaja Haabersti Maximas,N/A,N/A,https://www.cv.ee/vacancy/1655255/maxima-eesti-ou/kaupluse-tootaja-haabersti-maximas
Vahetuse vanem Kopli Maximas,N/A,N/A,https://www.cv.ee/vacancy/1655228/maxima-eesti-ou/vahetuse-vanem-kopli-maximas
Монтажник,N/A,N/A,https://www.cv.ee/vacancy/1655227/manpower/montazhnik
Senior Sales Representative,N/A,N/A,https://www.cv.ee/vacancy/1655223/boehringer-ingelheim/senior-sales-representative
Ärianalüütik,N/A,N/A,https://www.cv.ee/vacancy/1651243/tatoli-as/arianaluutik
Montöör,N/A,N/A,https://www.cv.ee/vacancy/1655221/manpower/montoor
Eesti keele õpiabide koordinaator ja õpiabi õpetaja,N/A,N/A,https://www.cv.ee/vacancy/1655217/tallinna-kunstigumnaasium/eesti-keele-opiabide-koordinaator-ja-opiabi-opetaja
Pangatarkvara kasutajatoe spetsialist,N/A,N/A,https://www.cv.ee/vacancy/1655213/bigbank-as/pangatarkvara-kasutajatoe-spetsialist
Senior Accountant / Vanemraamatupidaja,N/A,N/A,https://www.cv.ee/vacancy/1655172/metreon-limited-ou/senior-accountant-vanemraamatupidaja
Intsidendihaldur,N/A,N/A,https://www.cv.ee/vacancy/1655192/kaitseressursside-amet/intsidendihaldur
Database Administrator,N/A,N/A,https://www.cv.ee/vacancy/1647339/playtech-estonia-ou/database-administrator
Database Administrator,N/A,N/A,https://www.cv.ee/vacancy/1647338/playtech-estonia-ou/database-administrator
Senior Database Administrator,N/A,N/A,https://www.cv.ee/vacancy/1647337/playtech-estonia-ou/senior-database-administrator
Senior Database Administrator,N/A,N/A,https://www.cv.ee/vacancy/1647336/playtech-estonia-ou/senior-database-administrator
JLR Hooldusnõunik,N/A,N/A,https://www.cv.ee/vacancy/1647208/inchcape-motors-estonia-ou/jlr-hooldusnounik
Psühholoog,N/A,N/A,https://www.cv.ee/vacancy/1646398/vanglad/psuhholoog
Corporate Sales Manager,N/A,N/A,https://www.cv.ee/vacancy/1655285/meriton-hotels-ou/corporate-sales-manager
Electronics Design Engineer,N/A,N/A,https://www.cv.ee/vacancy/1655275/abb-as/electronics-design-engineer
Tarkvaratestija,N/A,N/A,https://www.cv.ee/vacancy/1655262/srini-ou/tarkvaratestija
Reliability Specialist,N/A,N/A,https://www.cv.ee/vacancy/1655257/abb-as/reliability-specialist
Kaupluse töötaja Haabersti Maximas,N/A,N/A,https://www.cv.ee/vacancy/1655255/maxima-eesti-ou/kaupluse-tootaja-haabersti-maximas
Vahetuse vanem Kopli Maximas,N/A,N/A,https://www.cv.ee/vacancy/1655228/maxima-eesti-ou/vahetuse-vanem-kopli-maximas
Монтажник,N/A,N/A,https://www.cv.ee/vacancy/1655227/manpower/montazhnik
Senior Sales Representative,N/A,N/A,https://www.cv.ee/vacancy/1655223/boehringer-ingelheim/senior-sales-representative
Ärianalüütik,N/A,N/A,https://www.cv.ee/vacancy/1651243/tatoli-as/arianaluutik
Montöör,N/A,N/A,https://www.cv.ee/vacancy/1655221/manpower/montoor
Eesti keele õpiabide koordinaator ja õpiabi õpetaja,N/A,N/A,https://www.cv.ee/vacancy/1655217/tallinna-kunstigumnaasium/eesti-keele-opiabide-koordinaator-ja-opiabi-opetaja
Pangatarkvara kasutajatoe spetsialist,N/A,N/A,https://www.cv.ee/vacancy/1655213/bigbank-as/pangatarkvara-kasutajatoe-spetsialist
Senior Accountant / Vanemraamatupidaja,N/A,N/A,https://www.cv.ee/vacancy/1655172/metreon-limited-ou/senior-accountant-vanemraamatupidaja
Intsidendihaldur,N/A,N/A,https://www.cv.ee/vacancy/1655192/kaitseressursside-amet/intsidendihaldur
Database Administrator,N/A,N/A,https://www.cv.ee/vacancy/1647339/playtech-estonia-ou/database-administrator
Database Administrator,N/A,N/A,https://www.cv.ee/vacancy/1647338/playtech-estonia-ou/database-administrator
Senior Database Administrator,N/A,N/A,https://www.cv.ee/vacancy/1647337/playtech-estonia-ou/senior-database-administrator
Senior Database Administrator,N/A,N/A,https://www.cv.ee/vacancy/1647336/playtech-estonia-ou/senior-database-administrator
